{"cameraMode":{"drawMode":0,"name":"Shaded","section":"Shading Mode"},"sceneLighting":true,"audioPlay":false,"sceneViewState":{"showFog":true,"showMaterialUpdate":false,"showSkybox":true,"showFlares":true,"showImageEffects":true,"showParticleSystems":true},"in2DMode":false,"pivot":{"x":1.2045865058898926,"y":0.2313818633556366,"z":1.0882468223571778},"rotation":{"x":0.005767088383436203,"y":0.27596810460090639,"z":-0.0016556675545871258,"w":0.9611491560935974},"size":5.939273834228516,"orthographic":false}